{
    "accuracies": [
        0.4617,
        0.5194,
        0.5495,
        0.6051,
        0.6281,
        0.6329,
        0.6362,
        0.6595,
        0.6413,
        0.6614,
        0.6674,
        0.678,
        0.6912,
        0.6957,
        0.6976,
        0.7027,
        0.7086,
        0.7004,
        0.6955,
        0.6951,
        0.703,
        0.6891,
        0.7054,
        0.7111,
        0.7018,
        0.6976,
        0.7107,
        0.7159,
        0.7194,
        0.7023,
        0.7107,
        0.7126,
        0.7304,
        0.732,
        0.7005,
        0.7278,
        0.7284,
        0.7298,
        0.7335,
        0.7157,
        0.7233,
        0.7065,
        0.7233,
        0.7236,
        0.7274,
        0.7012,
        0.7402,
        0.7224,
        0.7458,
        0.7251,
        0.7297,
        0.7207,
        0.7322,
        0.7045,
        0.7211,
        0.7125,
        0.7204,
        0.7276,
        0.7336,
        0.7247,
        0.7305,
        0.7346,
        0.7195,
        0.6545,
        0.7223,
        0.7122,
        0.7292,
        0.7281,
        0.7289,
        0.7041,
        0.7075,
        0.6972,
        0.7138,
        0.7165,
        0.7328,
        0.7276,
        0.7198,
        0.7341,
        0.712,
        0.7249,
        0.7252,
        0.7241,
        0.7262,
        0.726,
        0.7375,
        0.7444,
        0.7318,
        0.7328,
        0.7194,
        0.75,
        0.7305,
        0.728,
        0.7418,
        0.735,
        0.7419,
        0.7358,
        0.7335,
        0.7476,
        0.7503,
        0.7353
    ],
    "test_losses": [
        1.4589478025436402,
        1.3557187896728515,
        1.2891871974945068,
        1.114699877166748,
        1.06091593170166,
        1.0350642583847045,
        1.100484826183319,
        1.0451996516227722,
        1.0850727643013,
        1.0308841694831847,
        0.985996131324768,
        0.9367352533340454,
        0.8963700008392333,
        0.8957889333724975,
        0.8901249641418457,
        0.8675337488174438,
        0.8605215599060059,
        0.8851796036720276,
        0.8967681593894958,
        0.8817877847671509,
        0.8727752119064331,
        0.9031959429740906,
        0.8708048506259918,
        0.8616271947860717,
        0.8862066622257233,
        0.8882430430412293,
        0.84723266248703,
        0.826225907421112,
        0.8220556299209595,
        0.8998414841651916,
        0.8507374255180359,
        0.8429386445999145,
        0.7840585648536682,
        0.7826760733604431,
        0.8668031502723694,
        0.8138470829010009,
        0.7873246005058289,
        0.7899730893135071,
        0.8084653203010559,
        0.847500945854187,
        0.8326456714630127,
        0.8541045523643493,
        0.8011969581604004,
        0.8501696781158448,
        0.8036331722736358,
        0.9379949571609497,
        0.7709281741619111,
        0.8228785025119781,
        0.7487349430084228,
        0.8195769780158997,
        0.7873219457149505,
        0.821993948173523,
        0.8077393606185913,
        0.8851830946922302,
        0.8058626423835754,
        0.8785976147651673,
        0.863106138420105,
        0.8076721817016601,
        0.7940778003692627,
        0.8148464591026306,
        0.7936440316200256,
        0.7630030234336853,
        0.8174123978614807,
        1.004629511642456,
        0.8242535536766052,
        0.8288226596832275,
        0.81436441822052,
        0.7990757531166076,
        0.8019474792480469,
        0.9180116571426392,
        0.8812947344779968,
        0.9579258492469788,
        0.8611196029663086,
        0.840998950958252,
        0.76992313747406,
        0.816075857925415,
        0.8348767228126526,
        0.7851035711288452,
        0.8752615604877472,
        0.8229069495677948,
        0.8213574481487275,
        0.816624626159668,
        0.8178378746986389,
        0.8357453651428223,
        0.7834539103507996,
        0.7517666893959045,
        0.8301000113010406,
        0.7806235130310059,
        0.8430037521362305,
        0.7439532098770142,
        0.8215560401916504,
        0.8173156615257263,
        0.7626785435199738,
        0.7967574679374695,
        0.7915290760040283,
        0.772572287273407,
        0.7735742926597595,
        0.7459268925666809,
        0.7407119258403778,
        0.7787562895774841
    ],
    "train_losses": [
        1.760713215560913,
        1.4611885621261598,
        1.309153790550232,
        1.2030573550415038,
        1.1374490229034424,
        1.08315675365448,
        1.05004496717453,
        1.0064910139274597,
        0.9921051673698426,
        0.9469767031478882,
        0.9498905723190307,
        0.9302910111427307,
        0.9133885624504089,
        0.9083936644554138,
        0.8895658006858825,
        0.8833124230194092,
        0.8732332231140136,
        0.8627673128128052,
        0.8511519676208497,
        0.84469976978302,
        0.8766477034950256,
        0.8366065475082397,
        0.8266463387870788,
        0.8297569961357116,
        0.8247331500053405,
        0.8164279621124267,
        0.8178585851669311,
        0.8059650398635865,
        0.8071309619998932,
        0.7975976574611664,
        0.8011951905632019,
        0.800364290714264,
        0.800701503868103,
        0.7960821535968781,
        0.7901018447685242,
        0.7817837260055542,
        0.786617533454895,
        0.775714870223999,
        0.7799436575603486,
        0.7791879678440095,
        0.7767448159217835,
        0.7824956711769104,
        0.7628323387050628,
        0.7669392311096191,
        0.769639275970459,
        0.7688509704971314,
        0.756753647480011,
        0.7696870799064637,
        0.7571393235588074,
        0.7652994453239441,
        0.7614467271614075,
        0.7545341895389557,
        0.760337422208786,
        0.7539379789733887,
        0.7537791459751129,
        0.7504719840049744,
        0.7683501100254059,
        0.7470422958374023,
        0.7582523092269897,
        0.7486954495620728,
        0.7512242132282257,
        0.769897854013443,
        0.7448760136508942,
        0.782087428703308,
        0.7842450516319275,
        0.7638542705154419,
        0.7531668039321899,
        0.7596097974777222,
        0.7500630412101745,
        0.7532289688491821,
        0.7526087638568878,
        0.7504631906700134,
        0.750649207572937,
        0.7557890937805176,
        0.7433009561157227,
        0.7497656592941284,
        0.7493271117305755,
        0.7402457457160949,
        0.7444732140254975,
        0.744794412021637,
        0.7428725615310668,
        0.736023523349762,
        0.7445155664825439,
        0.7418113663005829,
        0.7486455222797394,
        0.7431605806636811,
        0.7392931745910645,
        0.739321789598465,
        0.7403940557479859,
        0.7345893235015869,
        0.7387081659317016,
        0.7592518722343444,
        0.7427857054710388,
        0.739490706243515,
        0.737458178062439,
        0.7379416248130798,
        0.7468785182857514,
        0.7278122531890869,
        0.7381421662521362,
        0.7399106370830536
    ]
}