{
    "accuracies": [
        0.7921,
        0.8179,
        0.8372,
        0.864,
        0.8816,
        0.9161,
        0.9193,
        0.9024,
        0.9089,
        0.9206,
        0.9333,
        0.9411,
        0.923,
        0.9246,
        0.9357,
        0.9325,
        0.9064,
        0.9472,
        0.9312,
        0.9259,
        0.9233,
        0.9452,
        0.9365,
        0.9145,
        0.9157,
        0.9232,
        0.9182,
        0.9566,
        0.9366,
        0.9327,
        0.9347,
        0.9376,
        0.9157,
        0.9205,
        0.9275,
        0.925,
        0.9307,
        0.9255,
        0.933,
        0.9382,
        0.934,
        0.9349,
        0.947,
        0.9288,
        0.9301,
        0.9237,
        0.9562,
        0.929,
        0.9412,
        0.9418
    ],
    "test_losses": [
        0.6025716546535492,
        0.5303923305749894,
        0.4616046856164932,
        0.3966469503700733,
        0.35183290479779245,
        0.2611587806224823,
        0.24427663337439298,
        0.31294328916072844,
        0.27981929237544534,
        0.2596005896434188,
        0.21793157277852296,
        0.17957669684514405,
        0.2369885188639164,
        0.23585577211380004,
        0.1971404508665204,
        0.21021376373544334,
        0.311372844055295,
        0.1663675553560257,
        0.21840338092297315,
        0.2204234052568674,
        0.23888032295629383,
        0.18280535117462277,
        0.19732830806821586,
        0.27768744560182096,
        0.26777675269544127,
        0.23061824058294297,
        0.24650747855603694,
        0.13081070027425884,
        0.18935078740492464,
        0.21607871703878045,
        0.19921930307112634,
        0.20068526530861855,
        0.2798005869179964,
        0.23172773335278035,
        0.21556199576184154,
        0.2384960533581674,
        0.21446926100850106,
        0.22880185081064702,
        0.2168020159751177,
        0.19165415674448014,
        0.20376078385710716,
        0.2060830108843744,
        0.1664016966342926,
        0.2297000059515238,
        0.21579048721864819,
        0.2341555564120412,
        0.13814741535410285,
        0.22920684747248887,
        0.19143927570208907,
        0.19248572716116905
    ],
    "train_losses": [
        1.0713483408371607,
        0.5638731086770693,
        0.48657320728898046,
        0.4426732178827127,
        0.41179066700736683,
        0.3809191880822182,
        0.357340050175786,
        0.3380753827929497,
        0.3191695183734099,
        0.3163653341670831,
        0.3005325137759248,
        0.2928250651702285,
        0.2894388668239117,
        0.2818700489391883,
        0.27643195491333805,
        0.27854404477477074,
        0.2732164766783516,
        0.26563669434388476,
        0.26191018189837534,
        0.26268854478945336,
        0.2591126688395937,
        0.2628312595973412,
        0.2591575052730739,
        0.25588805365910133,
        0.2601179967448115,
        0.2538659094798068,
        0.25056589333812396,
        0.2504107819284002,
        0.2511225681948165,
        0.25158192448094485,
        0.24431800999293724,
        0.2506932803764939,
        0.24757338582873345,
        0.24687568042874336,
        0.2401722207556168,
        0.24585521703834334,
        0.24714691546062628,
        0.23699323994045457,
        0.23486878025705615,
        0.2395870513568322,
        0.23538860169798137,
        0.23549751285761594,
        0.2316743235528469,
        0.23442545744429033,
        0.22781968383739393,
        0.23389483598545194,
        0.2293880872135361,
        0.2293872328368326,
        0.2312001680833598,
        0.23053455686916907
    ]
}