{
    "accuracies": [
        0.7912,
        0.8236,
        0.8738,
        0.8845,
        0.9069,
        0.8933,
        0.9132,
        0.9021,
        0.8985,
        0.9225,
        0.9265,
        0.902,
        0.9249,
        0.9303,
        0.873,
        0.8979,
        0.9404,
        0.9205,
        0.933,
        0.9405,
        0.9353,
        0.863,
        0.9391,
        0.9425,
        0.9174,
        0.9009,
        0.9326,
        0.9456,
        0.9233,
        0.9193,
        0.9234,
        0.9389,
        0.9225,
        0.9225,
        0.9318,
        0.9244,
        0.937,
        0.9192,
        0.9226,
        0.92,
        0.9349,
        0.9255,
        0.9366,
        0.9043,
        0.9242,
        0.9247,
        0.9414,
        0.9313,
        0.9298,
        0.9378
    ],
    "test_losses": [
        0.5849671847343445,
        0.5049581961870193,
        0.3704404252409935,
        0.3671445453494787,
        0.29134884339571,
        0.33012216143012046,
        0.2683718365758657,
        0.3052009125083685,
        0.312961227697134,
        0.24836598952114583,
        0.22476835576295853,
        0.306716387617588,
        0.22626297667473555,
        0.22117982857525348,
        0.3923326388001442,
        0.33001458402574063,
        0.18896331788375972,
        0.25492852258235216,
        0.2077247415304184,
        0.1926096622928977,
        0.1959862554267049,
        0.4399585164666176,
        0.19126429752409457,
        0.1785730149447918,
        0.2627129811257124,
        0.31970539655387403,
        0.21262112121284008,
        0.1705841430215165,
        0.25318088745996353,
        0.26551047389805316,
        0.23494158149659633,
        0.19508025104999543,
        0.23616567451655865,
        0.2477018222771585,
        0.21903474951870738,
        0.2480020021945238,
        0.20498676161393523,
        0.25656413073241713,
        0.25301777033917605,
        0.24252180085778235,
        0.2141056096673012,
        0.22925723087266087,
        0.19666740416884423,
        0.3112668198332191,
        0.2367423904635012,
        0.23661184596568346,
        0.18320719625651835,
        0.2146686566129327,
        0.23032187622636557,
        0.1949844943113625
    ],
    "train_losses": [
        1.0080592060486475,
        0.597729777721564,
        0.5052526932120324,
        0.4538791673918565,
        0.4196075509806474,
        0.39280524739821754,
        0.3764825059145689,
        0.36336040610075,
        0.35315317431092264,
        0.3465250997443994,
        0.328558506984512,
        0.32919205133616924,
        0.3226768391708533,
        0.31796688278069096,
        0.3081743368417025,
        0.3007433779329062,
        0.2927910896902283,
        0.29232279103895026,
        0.2854267835125327,
        0.2889959661657612,
        0.28272766533841687,
        0.2749072360470891,
        0.2754278193841378,
        0.27269585025260845,
        0.26364973687256377,
        0.27263719676931697,
        0.27228202034880716,
        0.2658682513828079,
        0.26633501940319937,
        0.2595207728152474,
        0.25660364372581246,
        0.2632068772673607,
        0.25807873485262195,
        0.25666692163422705,
        0.2591238180408875,
        0.25391350124254825,
        0.2552496177787582,
        0.26169311547155183,
        0.25341250525414943,
        0.26982136619786423,
        0.245624672592928,
        0.2516057430615028,
        0.2528587339815994,
        0.252936470374465,
        0.25354580066899457,
        0.25266526934206485,
        0.24354002361030627,
        0.24417177515675625,
        0.2464754522184531,
        0.24673154952923457
    ]
}