{
    "accuracies": [
        0.945,
        0.9486,
        0.9732,
        0.9694,
        0.9664,
        0.9443,
        0.9677,
        0.9771,
        0.9707,
        0.9773,
        0.9776,
        0.9707,
        0.9572,
        0.9695,
        0.9732,
        0.9821,
        0.9705,
        0.9774,
        0.9787,
        0.9726,
        0.9633,
        0.9698,
        0.9773,
        0.9736,
        0.9704,
        0.9748,
        0.9812,
        0.9809,
        0.9777,
        0.97,
        0.9727,
        0.9772,
        0.9785,
        0.9759,
        0.974,
        0.983,
        0.9759,
        0.9801,
        0.9774,
        0.9698,
        0.9755,
        0.9064,
        0.9692,
        0.9651,
        0.9535,
        0.9784,
        0.9791,
        0.9812,
        0.9753,
        0.944
    ],
    "test_losses": [
        0.19022118903398513,
        0.17874680702798068,
        0.08353489051191136,
        0.09907656385619193,
        0.11780513182580471,
        0.20129798701908438,
        0.10177682102955878,
        0.07646903146104887,
        0.09619858028553427,
        0.07785893658227287,
        0.07211096638673917,
        0.10141196345547214,
        0.13784211451932787,
        0.10912070507812313,
        0.09455301551222801,
        0.06019150953637436,
        0.10372445448143408,
        0.07101104282950982,
        0.07180961733101868,
        0.08909263179642149,
        0.12364150062426925,
        0.09989094772962853,
        0.0769038225211436,
        0.09184706396093242,
        0.10930708102692152,
        0.08014334367252886,
        0.060764731397805735,
        0.06614206227269023,
        0.06880761217556428,
        0.10563596124751494,
        0.0881685002507642,
        0.07714091317495331,
        0.07231890720045193,
        0.07408245573393069,
        0.08208774484405294,
        0.05238984783752822,
        0.07706224010372534,
        0.06600632759309374,
        0.07049729801301145,
        0.10484991035768762,
        0.08565915319132619,
        0.3189358603015542,
        0.10133284608316608,
        0.11223823410782498,
        0.20565231362059713,
        0.07296097396400292,
        0.0674479640735546,
        0.057829196831211446,
        0.0781770115266554,
        0.36940584566871376
    ],
    "train_losses": [
        0.4711827955106894,
        0.22348516046106814,
        0.18032235020461182,
        0.22542701227627696,
        0.13852767408477765,
        0.14207533881782244,
        0.12987739195836087,
        0.17966047602184892,
        0.10297156619355083,
        0.12494327807885905,
        0.23538461178762374,
        0.09102872216807058,
        0.11235725560216234,
        0.11382187245140472,
        0.11810541850545754,
        0.18335047760998519,
        0.08870339605286717,
        0.13430879431941237,
        0.09664107067765047,
        0.13200561859078394,
        0.10235346085233614,
        0.1176696044050778,
        0.1075428241881542,
        0.10495863909328666,
        0.10051064346320927,
        0.11799262857845752,
        0.17757432350940072,
        0.08152686677495949,
        0.12792673043101094,
        0.08901288685798645,
        0.10955484205366423,
        0.14990451646964453,
        0.08661771330060437,
        0.10918865861264057,
        0.10333453637744922,
        0.1537965167677806,
        0.0860465349037045,
        0.10506569409302126,
        0.12107869092566738,
        0.1037185473053561,
        0.10167224113399473,
        0.13096191902672097,
        0.10735889045938384,
        0.11869957526181825,
        0.1133738838410005,
        0.09335082981782034,
        0.19659401657786996,
        0.07923197917814057,
        0.09619206958874128,
        0.14576041836868195
    ]
}