{
    "accuracies": [
        0.9657,
        0.9671,
        0.9741,
        0.9725,
        0.976,
        0.9791,
        0.9817,
        0.9791,
        0.9813,
        0.9818,
        0.9847,
        0.9815,
        0.9815,
        0.9852,
        0.9871,
        0.9848,
        0.9841,
        0.9858,
        0.9868,
        0.9849,
        0.9848,
        0.9864,
        0.987,
        0.9869,
        0.9832,
        0.9885,
        0.9841,
        0.9854,
        0.9867,
        0.9838,
        0.9885,
        0.9856,
        0.9858,
        0.9865,
        0.9867,
        0.9868,
        0.9868,
        0.9858,
        0.9854,
        0.9871,
        0.9824,
        0.9855,
        0.9868,
        0.9868,
        0.9889,
        0.9894,
        0.9885,
        0.9856,
        0.988,
        0.9886
    ],
    "test_losses": [
        0.11203461162373424,
        0.09742849790528417,
        0.0848838791836053,
        0.08739984846152365,
        0.07128885449534282,
        0.06517438904885203,
        0.05532864495180547,
        0.06868988480977714,
        0.058249098503962156,
        0.058641546894749624,
        0.049944538294430824,
        0.056678709319466725,
        0.05518512471816502,
        0.046261252404795956,
        0.04071656995061785,
        0.047091936012730005,
        0.05111370621463284,
        0.043833622751105576,
        0.041914828837569806,
        0.04591211746959016,
        0.04828030353100039,
        0.04095080332406797,
        0.04299659799383953,
        0.04220801903570537,
        0.06101708309664391,
        0.03739599840468727,
        0.04937467775263358,
        0.0455828306854004,
        0.040301745865214615,
        0.05067979201115668,
        0.038578210194897836,
        0.04792255662721582,
        0.0449992466412019,
        0.04590403027526336,
        0.04233570489601698,
        0.04242843579340261,
        0.041882938728970476,
        0.04658886102060787,
        0.04956417833899614,
        0.04106250839782879,
        0.057268248636065985,
        0.05037847506881226,
        0.041789656533836386,
        0.04277097583346767,
        0.036931494874565395,
        0.034632783642271535,
        0.037133771712030285,
        0.04562063933269237,
        0.03967283716772217,
        0.03827968769238796
    ],
    "train_losses": [
        0.4037047496328751,
        0.1494928621597588,
        0.1161380562843134,
        0.09906428696345537,
        0.08848908135276287,
        0.081247768991068,
        0.07423151441955318,
        0.07045583465794722,
        0.06512419107784517,
        0.06361992175929869,
        0.059550191107516484,
        0.057873999713826924,
        0.05574312291469735,
        0.053148161791358145,
        0.050977672762268535,
        0.0514295894275109,
        0.04966063517279302,
        0.04786877850360858,
        0.045797199772003416,
        0.046246587100004156,
        0.04304142901461261,
        0.0444709115771732,
        0.04261092629024448,
        0.042195164787132915,
        0.040529280988872055,
        0.04026172792374467,
        0.03916719367435823,
        0.038684116789551144,
        0.03911213739736316,
        0.0391266065886477,
        0.03779204568323524,
        0.03504134800268803,
        0.03642169069313289,
        0.03427356624843087,
        0.03637935767729456,
        0.033882517579135796,
        0.035820244246092627,
        0.03368123371553374,
        0.03452960789999149,
        0.03518481595933748,
        0.033468157497801194,
        0.03223163430961625,
        0.033727140578138644,
        0.03248524290322481,
        0.03368894442189485,
        0.031221144717528175,
        0.031957648555592945,
        0.03126612605294213,
        0.0325430394661768,
        0.031724716806365176
    ]
}