{
    "accuracies": [
        0.7005,
        0.7241,
        0.7126,
        0.7959,
        0.7695,
        0.806,
        0.803,
        0.8036,
        0.8133,
        0.8044,
        0.8066,
        0.8071,
        0.8202,
        0.8013,
        0.8168,
        0.8097,
        0.8216,
        0.8275,
        0.8213,
        0.8285,
        0.7945,
        0.8208,
        0.8235,
        0.8265,
        0.8118,
        0.8088,
        0.8214,
        0.8267,
        0.8294,
        0.8304,
        0.8229,
        0.8378,
        0.8302,
        0.8067,
        0.8366,
        0.8307,
        0.8203,
        0.8094,
        0.7996,
        0.833,
        0.8312,
        0.787,
        0.8243,
        0.8239,
        0.8178,
        0.8176,
        0.8374,
        0.8308,
        0.8314,
        0.8393
    ],
    "test_losses": [
        0.7999521934509277,
        0.7234887435913085,
        0.7582951121330261,
        0.5535000500202178,
        0.6516887476921082,
        0.5618180971622467,
        0.5309017450809479,
        0.5190140682220459,
        0.4926922420501709,
        0.5356675436496735,
        0.5241560768127441,
        0.5378542622804642,
        0.4841968679904938,
        0.5484029300689697,
        0.487676406788826,
        0.5352163229465484,
        0.49399926629066465,
        0.470373763179779,
        0.4933630498170853,
        0.4622218017578125,
        0.5342348639011383,
        0.49117147073745726,
        0.4929561766147614,
        0.4663922173500061,
        0.5280193280696869,
        0.5110590794086456,
        0.4792573280334473,
        0.4794333648443222,
        0.4631462909221649,
        0.4589413872718811,
        0.4762172427177429,
        0.45126086707115176,
        0.46346603696346284,
        0.5262605191230774,
        0.45232253103256226,
        0.4725198893547058,
        0.47016994285583497,
        0.5202752851486206,
        0.5547718939781189,
        0.45674265427589417,
        0.4550978138446808,
        0.5613913611888885,
        0.48572345707416537,
        0.47860922393798827,
        0.4920278811454773,
        0.5094875261306763,
        0.44461891183853147,
        0.4672374863147736,
        0.4611668426990509,
        0.4377090724468231
    ],
    "train_losses": [
        1.0487596755345663,
        0.7610513018131256,
        0.691699699751536,
        0.6567286139726639,
        0.6326572012662888,
        0.6121109713474909,
        0.6049831949154536,
        0.5865118678808212,
        0.5825228032906851,
        0.5742733283281326,
        0.5710853606700897,
        0.5640617283026378,
        0.5691701388279597,
        0.5631350868066152,
        0.563557275390625,
        0.5549587980826696,
        0.5524524636030197,
        0.5511904411951701,
        0.5462129416783651,
        0.548051648791631,
        0.5463818581501643,
        0.5426633118629456,
        0.5409553952932358,
        0.5421553413550059,
        0.5356690555254618,
        0.534668313451608,
        0.5341201424519221,
        0.5301824113845826,
        0.5379412668466568,
        0.5319941813548406,
        0.5317283064206442,
        0.5380692249218623,
        0.5216487908879915,
        0.5371854619820913,
        0.5279503690083822,
        0.5243151813427607,
        0.530168486237526,
        0.5272352662841479,
        0.5215189691066742,
        0.5255579894582431,
        0.5212723760406176,
        0.5162713994761308,
        0.5180173544804255,
        0.5139878909349441,
        0.5179906148831049,
        0.524010085940361,
        0.5144036810914675,
        0.5150125096559525,
        0.5167240637620291,
        0.5135952271143596
    ]
}