{
    "accuracies": [
        0.4939,
        0.599,
        0.6453,
        0.657,
        0.6832,
        0.69,
        0.7183,
        0.7245,
        0.7308,
        0.7354,
        0.7373,
        0.7468,
        0.7389,
        0.737,
        0.7532,
        0.7506,
        0.7598,
        0.759,
        0.7592,
        0.7636,
        0.7648,
        0.7629,
        0.7637,
        0.7643,
        0.772,
        0.7577,
        0.7772,
        0.7668,
        0.7657,
        0.7765,
        0.7803,
        0.7817,
        0.7836,
        0.7869,
        0.7759,
        0.7895,
        0.7789,
        0.7829,
        0.78,
        0.7776,
        0.7858,
        0.7722,
        0.7787,
        0.7844,
        0.7848,
        0.7855,
        0.782,
        0.7862,
        0.7826,
        0.7821,
        0.7814,
        0.7899,
        0.7902,
        0.7911,
        0.7826,
        0.7782,
        0.7746,
        0.7871,
        0.7881,
        0.7867,
        0.7765,
        0.7844,
        0.788,
        0.7832,
        0.7925,
        0.7931,
        0.7821,
        0.7861,
        0.7823,
        0.7884,
        0.7899,
        0.7917,
        0.7904,
        0.7846,
        0.7889,
        0.7929,
        0.7869,
        0.7856,
        0.7829,
        0.7893,
        0.787,
        0.7853,
        0.7882,
        0.786,
        0.7812,
        0.792,
        0.7886,
        0.7886,
        0.7949,
        0.7845,
        0.7899,
        0.7817,
        0.79,
        0.7864,
        0.7858,
        0.7811,
        0.7828,
        0.7865,
        0.7838,
        0.787
    ],
    "test_losses": [
        1.3740225667953492,
        1.1264897679328918,
        1.0119324315071105,
        0.9744426070213318,
        0.9103219511032105,
        0.8973723460197449,
        0.806043821144104,
        0.7973051250457763,
        0.7831352388381958,
        0.7519050068378449,
        0.7454282845497131,
        0.749747976398468,
        0.7377876169204712,
        0.7689412166595458,
        0.7182065939426422,
        0.745541854763031,
        0.7031633920192718,
        0.7243957040309906,
        0.7082994511604309,
        0.6918125165462494,
        0.7054097516059875,
        0.7139606166362762,
        0.7097475582122803,
        0.7095540449619293,
        0.6878468626499176,
        0.7314876271247863,
        0.6897477363109589,
        0.707847315454483,
        0.7227749761581421,
        0.6722700100898743,
        0.6901959247112274,
        0.6850910974502563,
        0.6720822535514831,
        0.654588669013977,
        0.7055540946483612,
        0.6564159236907959,
        0.6735590293884277,
        0.6736669080257416,
        0.6829780988216401,
        0.6906615070819855,
        0.663750604724884,
        0.7229969408512116,
        0.6924501110553741,
        0.6676257838249207,
        0.6895506465435028,
        0.6796814176082611,
        0.6964475894451141,
        0.6762387825012207,
        0.6776546104431153,
        0.6883654363155365,
        0.698381902551651,
        0.6734756156921387,
        0.6774408953666687,
        0.6783724051475525,
        0.7084090757846833,
        0.7116900229454041,
        0.7540709001660347,
        0.6973416401863098,
        0.6897606241703034,
        0.6750300854682922,
        0.7338466609954833,
        0.7022317329883575,
        0.7140618516921997,
        0.6977281028032303,
        0.6858115822315216,
        0.665515364074707,
        0.702134663438797,
        0.7085446931362153,
        0.713195752954483,
        0.7146691169738769,
        0.6993331521511078,
        0.6885065759181976,
        0.706373149061203,
        0.7183870384216309,
        0.6910166607618332,
        0.6915103781223297,
        0.713475925064087,
        0.7134646295547485,
        0.7269211874485015,
        0.6925268981933593,
        0.7248812554359436,
        0.7214617689847946,
        0.7123921045303345,
        0.7147540188550949,
        0.7415440707445144,
        0.6998271322011947,
        0.7201520085811615,
        0.714559927558899,
        0.6964078699588776,
        0.7304545311450958,
        0.6883371763706208,
        0.7327403831481933,
        0.7045731628894806,
        0.7204652921676635,
        0.7314301073074341,
        0.7558563079118729,
        0.7287505259513855,
        0.7325639242649078,
        0.7380196663379669,
        0.731387990117073
    ],
    "train_losses": [
        1.5782416268920898,
        1.2608796258926391,
        1.097964068374634,
        1.0060431847000122,
        0.9308889585494995,
        0.8788300334358216,
        0.8307003034973145,
        0.7871743616104125,
        0.7603806691169739,
        0.7328234980392456,
        0.706958627204895,
        0.6854721949291229,
        0.6690538956737518,
        0.6487877740907669,
        0.633865749912262,
        0.6193479247665405,
        0.6027261776161194,
        0.5947250731182099,
        0.5786740853691101,
        0.574516164598465,
        0.5584593001556396,
        0.5482433645248413,
        0.5371865183639526,
        0.5347960991764069,
        0.5213081861495972,
        0.5177406347513199,
        0.50548706366539,
        0.5016039236354828,
        0.4905704218959808,
        0.48498078561306,
        0.47898446058750155,
        0.4714310208463669,
        0.47054241543769837,
        0.45444844580173493,
        0.4527046389913559,
        0.4513753332090378,
        0.4439714293575287,
        0.4422845787239075,
        0.43089773051023483,
        0.43219394327163696,
        0.42739502383232114,
        0.42437879908561704,
        0.4141816715621948,
        0.41512184255123136,
        0.4092263630247116,
        0.40983463841438295,
        0.4032379884672165,
        0.39864995260715486,
        0.3942857578349113,
        0.3946808357906342,
        0.3882398475289345,
        0.38645430032730105,
        0.38656317200899126,
        0.38282881772518157,
        0.382290717253685,
        0.3787471751999855,
        0.3718926515054703,
        0.37410540378570556,
        0.37165624410152437,
        0.36759965552806856,
        0.3613743123936653,
        0.3671648466849327,
        0.3626152106189728,
        0.35617294816970824,
        0.3600887144947052,
        0.35818545570373533,
        0.34873963271856306,
        0.3505674608564377,
        0.353177881655693,
        0.3493439605593681,
        0.3522913540816307,
        0.3444747827148438,
        0.3433379285418987,
        0.34146355430603026,
        0.33720733996629715,
        0.3396762023139,
        0.33199410050392153,
        0.33474612949371335,
        0.3293640714108944,
        0.33423975031614306,
        0.3310148648786545,
        0.33185474994182584,
        0.32879636166334153,
        0.32859439112186434,
        0.32773491184473036,
        0.32566298219680784,
        0.32145578734636304,
        0.3229892618560791,
        0.3219852806186676,
        0.317015174844265,
        0.32370898994922637,
        0.3203722981286049,
        0.3223788598585129,
        0.31945034187078475,
        0.314345294137001,
        0.3178222872209549,
        0.3172712818646431,
        0.3069809536790848,
        0.31179146423339843,
        0.3118809663939476
    ]
}