{
    "accuracies": [
        0.3622,
        0.4556,
        0.4841,
        0.5178,
        0.5138,
        0.5397,
        0.5269,
        0.557,
        0.568,
        0.5799,
        0.5996,
        0.5853,
        0.6025,
        0.613,
        0.6187,
        0.6157,
        0.6458,
        0.6459,
        0.6558,
        0.6624,
        0.6718,
        0.6661,
        0.6636,
        0.6731,
        0.6887,
        0.6946,
        0.6899,
        0.6946,
        0.6945,
        0.6993,
        0.7107,
        0.7147,
        0.7146,
        0.7217,
        0.7163,
        0.718,
        0.7096,
        0.7276,
        0.7315,
        0.7288,
        0.718,
        0.7333,
        0.7335,
        0.7355,
        0.7338,
        0.7359,
        0.7289,
        0.7315,
        0.7303,
        0.7366,
        0.73,
        0.7385,
        0.7394,
        0.7324,
        0.7252,
        0.7263,
        0.7358,
        0.7392,
        0.7394,
        0.7351,
        0.7341,
        0.7344,
        0.7395,
        0.7503,
        0.7437,
        0.7386,
        0.7306,
        0.7301,
        0.7362,
        0.7403,
        0.7379,
        0.7423,
        0.7374,
        0.7361,
        0.7461,
        0.7306,
        0.7428,
        0.7521,
        0.7487,
        0.7355,
        0.7435,
        0.7481,
        0.7428,
        0.7448,
        0.7484,
        0.7503,
        0.7429,
        0.7373,
        0.755,
        0.7451,
        0.7481,
        0.7316,
        0.7449,
        0.7424,
        0.7446,
        0.7374,
        0.7517,
        0.7483,
        0.7445,
        0.7492
    ],
    "test_losses": [
        1.6818412448883056,
        1.4863817626953124,
        1.412486766242981,
        1.3232357160568238,
        1.3522757806777954,
        1.265524294090271,
        1.2939834289550782,
        1.2067877893447876,
        1.2019398389816285,
        1.1531157526016236,
        1.1170884860992432,
        1.1307892000198365,
        1.1086655616760255,
        1.0700336729049682,
        1.0636127694129944,
        1.0744830932617186,
        0.9881691784858704,
        0.9879532342910766,
        0.972171699810028,
        0.9499999586105347,
        0.9213032415390014,
        0.9369558844566345,
        0.9452008455276489,
        0.9457205150604248,
        0.8695803975105285,
        0.8696099762916565,
        0.8931344512939453,
        0.8851171175956726,
        0.8758487760543823,
        0.8551604140281677,
        0.8485987817764282,
        0.8309328023910523,
        0.8366484695434571,
        0.8016159203529358,
        0.820641370010376,
        0.8215457109451294,
        0.8553410271644593,
        0.7852665360450745,
        0.7839401851654053,
        0.7932621223449707,
        0.8295364226341247,
        0.7659293019294738,
        0.7796706031799316,
        0.7663022528171539,
        0.7787029333114625,
        0.7775862383842468,
        0.7964569158554077,
        0.7901481576919556,
        0.8095507091999053,
        0.7706869941711426,
        0.8213719027519226,
        0.7749539164543152,
        0.7878298902511597,
        0.7909440572738647,
        0.8453929483413696,
        0.8233612671852112,
        0.7840623622894287,
        0.7936226501464844,
        0.7639560280799865,
        0.7994547258853912,
        0.8017372961997986,
        0.7908198913097382,
        0.7735814970493317,
        0.7470583094596863,
        0.7833344260215759,
        0.8316500898361207,
        0.8539456067085266,
        0.8238512611865997,
        0.8318210681915283,
        0.8226165081977844,
        0.8131971928596496,
        0.7935570255279542,
        0.8055843999862671,
        0.8364155687332153,
        0.7976107409954071,
        0.8567947948932648,
        0.7944389825820923,
        0.7761146635532379,
        0.7777206466674804,
        0.8460884209632874,
        0.7995427151203156,
        0.7916804914951324,
        0.8045052641868591,
        0.8103687932014465,
        0.8041833392620087,
        0.7870193499565125,
        0.8123793258666993,
        0.8472179451942444,
        0.7826583942890167,
        0.8171897119045257,
        0.8013388281345367,
        0.8867333002567291,
        0.8149473944664002,
        0.8406971952438355,
        0.8340512868404388,
        0.8738211172580719,
        0.8102168134212494,
        0.8269911633968353,
        0.8459518746852874,
        0.8154601850032807
    ],
    "train_losses": [
        1.8786276293945312,
        1.608337323036194,
        1.474486574935913,
        1.3923888832855225,
        1.330131533203125,
        1.2811224952697753,
        1.241407642059326,
        1.1990915649414062,
        1.1684643696212769,
        1.1353771606826781,
        1.1030959714126587,
        1.0755207823753357,
        1.04759199716568,
        1.0253848455810546,
        0.9988567700195312,
        0.9780591722297668,
        0.9589229268074035,
        0.9348315545272827,
        0.9118713093185424,
        0.8877070656394959,
        0.8680338692474365,
        0.8461994351577758,
        0.8267111993026733,
        0.8118512764549255,
        0.7983211734390259,
        0.7769901901245118,
        0.761982274608612,
        0.7473059812831878,
        0.7350776124477386,
        0.7177959296131134,
        0.7087813233661652,
        0.696169608335495,
        0.6812178232383728,
        0.6757566566085815,
        0.6642518424701691,
        0.6537211246967316,
        0.6476332276725769,
        0.6334007536792755,
        0.6249825778484345,
        0.6115210149383545,
        0.6033480085468292,
        0.602250072221756,
        0.595875940618515,
        0.5873883827972413,
        0.5867425801038743,
        0.5725495228195191,
        0.5640211293983459,
        0.5582553235626221,
        0.5532232460737229,
        0.5463516518878937,
        0.539851403889656,
        0.5365708435630798,
        0.5289268451166153,
        0.5251387489318847,
        0.5144593652439118,
        0.5172724980449677,
        0.5105027369594574,
        0.5052207304191589,
        0.49248001722335816,
        0.49086600306510925,
        0.48526035567760467,
        0.4802541596698761,
        0.47566365479469297,
        0.4750164859676361,
        0.4685416975736618,
        0.4653590093040466,
        0.45881830661296846,
        0.4519876785326004,
        0.4552720094013214,
        0.44803883006095885,
        0.44476952471733094,
        0.4418519869565964,
        0.43455270622253417,
        0.43036148081302644,
        0.4288223206377029,
        0.4274793813800812,
        0.42159356073379517,
        0.42139838104248045,
        0.41614557869434354,
        0.41712017289161685,
        0.4066785640931129,
        0.40762715173721314,
        0.40808670359134674,
        0.40182255997657773,
        0.39962090235233305,
        0.39624565606832507,
        0.3947728639698029,
        0.3862078867292404,
        0.39073726415157317,
        0.3884318523454666,
        0.38641508006095887,
        0.37891341386556626,
        0.38386566606760025,
        0.37797562184095385,
        0.37217798206329344,
        0.37671760858774184,
        0.3735686713147163,
        0.36878475297927854,
        0.36066921926498413,
        0.36368529510736464
    ]
}