{
    "accuracies": [
        0.357,
        0.4565,
        0.4851,
        0.5401,
        0.515,
        0.5546,
        0.5521,
        0.5871,
        0.5471,
        0.5727,
        0.5166,
        0.6028,
        0.584,
        0.5834,
        0.5831,
        0.5847,
        0.4879,
        0.6087,
        0.6141,
        0.5971,
        0.6263,
        0.6198,
        0.628,
        0.6255,
        0.622,
        0.6296,
        0.6325,
        0.6142,
        0.6195,
        0.6255,
        0.6136,
        0.6369,
        0.6389,
        0.6363,
        0.6168,
        0.5827,
        0.638,
        0.6206,
        0.6171,
        0.615,
        0.6412,
        0.6427,
        0.6307,
        0.6221,
        0.6223,
        0.6013,
        0.6251,
        0.6282,
        0.575,
        0.6114,
        0.6221,
        0.6575,
        0.6095,
        0.662,
        0.648,
        0.6199,
        0.6032,
        0.6367,
        0.653,
        0.587,
        0.6438,
        0.5748,
        0.6118,
        0.6073,
        0.6337,
        0.6172,
        0.6548,
        0.6111,
        0.6462,
        0.6425,
        0.6367,
        0.6104,
        0.6606,
        0.6244,
        0.5947,
        0.637,
        0.6571,
        0.5872,
        0.6196,
        0.6249,
        0.6337,
        0.6094,
        0.6078,
        0.66,
        0.6325,
        0.6686,
        0.6532,
        0.6335,
        0.6306,
        0.6379,
        0.6447,
        0.6455,
        0.6481,
        0.6525,
        0.6222,
        0.6439,
        0.626,
        0.6413,
        0.6491,
        0.6513
    ],
    "test_losses": [
        1.7243830112457275,
        1.549578914642334,
        1.4727951303482056,
        1.269687804222107,
        1.3815158363342286,
        1.2329392238616943,
        1.2434810594558716,
        1.1604579263687134,
        1.3100532269477845,
        1.2419144693374633,
        1.3453150787353516,
        1.123845453453064,
        1.1708614191055298,
        1.1719896857261658,
        1.1612896306037903,
        1.2215792545318604,
        1.6705999753952026,
        1.0989736864089965,
        1.093135084915161,
        1.1713755414962768,
        1.049624946975708,
        1.0844352212905883,
        1.0577445184707641,
        1.0758728582382202,
        1.0532210145950318,
        1.0508178176879883,
        1.0484971731185913,
        1.1107096670150758,
        1.068688526725769,
        1.0611117038726807,
        1.0677302486419677,
        1.0060983959197998,
        1.0389793834686278,
        1.0214094101905822,
        1.0648562804222106,
        1.209026617050171,
        1.050100072479248,
        1.053987455558777,
        1.0895499967575073,
        1.089230424785614,
        1.0379613881111145,
        0.9982139002799988,
        1.0434768756866455,
        1.0955892853736877,
        1.0469947090148926,
        1.1553012077331544,
        1.1001408200263978,
        1.0718883366584777,
        1.1771546947479248,
        1.0998428234100341,
        1.072377799987793,
        0.960781610584259,
        1.1381530393600463,
        0.9710994686126709,
        0.9881345216751098,
        1.1055807176589967,
        1.1523579097747803,
        1.023444835281372,
        0.9841587866783142,
        1.2196890684127808,
        1.0058180552482605,
        1.3184943454742433,
        1.1309533655166626,
        1.1192588815689086,
        1.0728430751800537,
        1.153211158180237,
        0.9907382389068603,
        1.1836669532775879,
        0.9967321391105652,
        1.0141317979812623,
        1.041877077102661,
        1.1442653606414794,
        0.9753316526412964,
        1.0970881937980652,
        1.1401023826599122,
        1.0853812812805175,
        0.973488020324707,
        1.1885899114608764,
        1.0707643320083617,
        1.0543250995635987,
        1.0835055890083314,
        1.1216397588729858,
        1.1453030414581298,
        0.9677203856468201,
        1.0707419457435607,
        0.944541255569458,
        0.9896917164802551,
        1.030183148956299,
        1.0873170485496522,
        1.0795781045913697,
        1.0313552686691285,
        1.011013577079773,
        1.0239038042068482,
        0.9812654437065125,
        1.0592670160293578,
        1.0167401392936706,
        1.138767866897583,
        1.023177019882202,
        0.9818891827583313,
        1.0115638215065001
    ],
    "train_losses": [
        1.9617717314147949,
        1.617585103034973,
        1.4687384195899964,
        1.384181622238159,
        1.3306185039520264,
        1.2955188743209838,
        1.2590431494903565,
        1.2321011810684204,
        1.2041935203361511,
        1.2015829035186767,
        1.1769338891601562,
        1.166208805999756,
        1.1453685770606994,
        1.1303387733650208,
        1.1308459385299683,
        1.1187626555252075,
        1.1197462615966798,
        1.096421962776184,
        1.0964989236068725,
        1.0951656825447083,
        1.094633980846405,
        1.0839700437927247,
        1.0910290049362183,
        1.0815835205841065,
        1.0777779444885254,
        1.0706737383651734,
        1.0688137087059022,
        1.0647504623413087,
        1.0643226936531067,
        1.0633648717689514,
        1.061673821334839,
        1.039936579093933,
        1.0575124668121338,
        1.0455493279266357,
        1.0384392058181762,
        1.0473852784729003,
        1.0457197460746765,
        1.035293224811554,
        1.045379905014038,
        1.038843139743805,
        1.043233595123291,
        1.0358494039344788,
        1.0384437293815614,
        1.0287185073280334,
        1.0327171612167358,
        1.0280450698280335,
        1.0293883595466613,
        1.0287262511253357,
        1.034977172985077,
        1.020314509716034,
        1.0381487472724915,
        1.01210504945755,
        1.029897119808197,
        1.021523804397583,
        1.018348739528656,
        1.0174371244239808,
        1.0242842135810852,
        1.0150122184181214,
        1.0277345443916321,
        1.0243723768806459,
        1.0198662308311461,
        1.0234241553688048,
        1.0249089208984374,
        1.011654851951599,
        1.0159866368865966,
        1.0180164030456542,
        1.0104335575294494,
        1.0177427061271667,
        1.005706355381012,
        1.0163378635406495,
        1.0188260933494568,
        1.009354862689972,
        1.0088672905731202,
        1.017408936252594,
        1.0038788258361817,
        1.0127047173500061,
        1.0146355481529237,
        1.0109339603042602,
        1.012738479938507,
        1.0087496974182129,
        1.0142797169876099,
        1.007121078453064,
        1.0105976857185364,
        1.0097088002395629,
        1.0094795636940002,
        1.0026240065956116,
        1.00738597782135,
        1.0095683404541016,
        0.9982912504386902,
        1.0037620631408692,
        1.0065837314796449,
        1.011978055076599,
        1.0015226787757874,
        1.0044163221740723,
        1.0035377334022522,
        1.0055847403144837,
        1.0005467298984527,
        1.000645923500061,
        1.0090550413703918,
        0.999351390323639
    ]
}