{
    "accuracies": [
        0.4019,
        0.479,
        0.4878,
        0.5328,
        0.5699,
        0.5805,
        0.6043,
        0.6151,
        0.5996,
        0.6177,
        0.6353,
        0.6512,
        0.6626,
        0.6728,
        0.6804,
        0.6845,
        0.6884,
        0.6973,
        0.702,
        0.7038,
        0.708,
        0.7034,
        0.7159,
        0.702,
        0.7228,
        0.7292,
        0.7346,
        0.7329,
        0.7473,
        0.7381,
        0.7436,
        0.7334,
        0.7437,
        0.7447,
        0.7327,
        0.7336,
        0.7452,
        0.7578,
        0.7477,
        0.748,
        0.7381,
        0.7491,
        0.7553,
        0.7458,
        0.7567,
        0.7592,
        0.7535,
        0.7589,
        0.7485,
        0.7662,
        0.7543,
        0.7568,
        0.7482,
        0.7578,
        0.7617,
        0.7594,
        0.759,
        0.7478,
        0.7479,
        0.7528,
        0.7608,
        0.7547,
        0.7661,
        0.7532,
        0.7656,
        0.766,
        0.7594,
        0.7514,
        0.7576,
        0.765,
        0.7561,
        0.7648,
        0.7619,
        0.7525,
        0.7599,
        0.7591,
        0.7646,
        0.7463,
        0.7679,
        0.7598,
        0.7594,
        0.7609,
        0.7615,
        0.7506,
        0.7558,
        0.7631,
        0.755,
        0.7546,
        0.7566,
        0.7533,
        0.7397,
        0.7583,
        0.7607,
        0.7585,
        0.7677,
        0.7597,
        0.7573,
        0.7502,
        0.7637,
        0.7596
    ],
    "test_losses": [
        1.6089084712982178,
        1.426295630645752,
        1.4268754377365112,
        1.3197449743270875,
        1.1886359878540038,
        1.148828600692749,
        1.1058609119415284,
        1.0930732306480408,
        1.129142733669281,
        1.0698706490516663,
        1.0069759327888488,
        0.9751818154335022,
        0.9570075858116149,
        0.9310920597076416,
        0.9096983620643616,
        0.8967842856407165,
        0.8836285586357117,
        0.8532664916038514,
        0.8500434165000915,
        0.8476749329566956,
        0.8365444216728211,
        0.8612160939216614,
        0.8299196077346802,
        0.859168327999115,
        0.7876153166770935,
        0.7751828130722046,
        0.7755900687694549,
        0.791747192955017,
        0.7489857927322388,
        0.7668361714363098,
        0.7497434491157532,
        0.779787700176239,
        0.775386732339859,
        0.751271554851532,
        0.8136151019096375,
        0.7917173768997192,
        0.7509099257469177,
        0.7413327264785766,
        0.7719165565013886,
        0.7680430024147034,
        0.7879089560508729,
        0.7848787114620209,
        0.7529262741088867,
        0.7855406556129455,
        0.7443145233154297,
        0.7481618447780609,
        0.7642880060195922,
        0.7499841878414154,
        0.7825775069236756,
        0.7411857675552368,
        0.7625212604045868,
        0.7554091587543488,
        0.8273853270053864,
        0.7555663425445557,
        0.7463570821762084,
        0.7750243284225464,
        0.7821603187561035,
        0.8135852794647217,
        0.8158850279331207,
        0.7817819428443908,
        0.7614226408958435,
        0.8126426010608673,
        0.7573707778453826,
        0.7933954773902893,
        0.7641624335765839,
        0.7676173480272294,
        0.814670431280136,
        0.8383319990634919,
        0.7835228928089142,
        0.767679083776474,
        0.8243186950206757,
        0.7851064563274384,
        0.7966147612333297,
        0.8520382822990418,
        0.8128318322181701,
        0.8230131978034974,
        0.7915549146175385,
        0.8605739126205444,
        0.7800713699579239,
        0.8312286539793015,
        0.8344353361606598,
        0.829908731341362,
        0.8132287449836731,
        0.8752084418296814,
        0.8384673881053925,
        0.8186114472389221,
        0.8718859098911286,
        0.8508971502304077,
        0.8460705433368683,
        0.8331577035427093,
        0.9380628834724426,
        0.8653068736076355,
        0.8223825581550598,
        0.8404917609214783,
        0.8201646465301514,
        0.8209495350837708,
        0.8503069046974182,
        0.898338574552536,
        0.8446034386634826,
        0.8336622905731201
    ],
    "train_losses": [
        1.8104175738143922,
        1.5030231388473512,
        1.3663630673217773,
        1.2892211859512328,
        1.2307154246520997,
        1.1796024382781982,
        1.1316156200408936,
        1.097136776008606,
        1.0564836956405639,
        1.0260206378746033,
        0.992097670173645,
        0.9578022471046448,
        0.9249375319671631,
        0.8940357921409607,
        0.8685270136833191,
        0.8401168221664429,
        0.8134844732666016,
        0.7853053209686279,
        0.7679209889984131,
        0.7466289327335358,
        0.7230376704025269,
        0.7053057974910736,
        0.6917125930500031,
        0.6755049241638184,
        0.6528308578014373,
        0.6418404179859162,
        0.632822715806961,
        0.6096556772899627,
        0.5999501690196991,
        0.5887606873989105,
        0.5797935319423676,
        0.5643260387992859,
        0.551581583776474,
        0.5486564542675019,
        0.5325202397441864,
        0.5239953747987747,
        0.5159039521074295,
        0.507476600484848,
        0.4989934732151031,
        0.4903422134304047,
        0.47987661189556124,
        0.4727065052700043,
        0.4608028109884262,
        0.45455103489398957,
        0.4446379650068283,
        0.4432768668079376,
        0.43660408091545105,
        0.4276412994527817,
        0.4218363959598541,
        0.4152613733816147,
        0.41020474063396456,
        0.4066440545558929,
        0.4000727771615982,
        0.3960375241994858,
        0.3921955919384956,
        0.3840052642059326,
        0.37936099456310274,
        0.38197275594711305,
        0.37257933780670166,
        0.3692340657567978,
        0.35975611359357834,
        0.3599549073123932,
        0.354644205391407,
        0.35045174090862274,
        0.35237106622219083,
        0.3441998556947708,
        0.3396635495352745,
        0.33609622953653334,
        0.3368280944800377,
        0.334682150759697,
        0.32705116372585297,
        0.32385607938051225,
        0.3273906897926331,
        0.3222416130542755,
        0.32079275530576706,
        0.314977002491951,
        0.31390048177719115,
        0.31334363200783727,
        0.30951765335679055,
        0.30350185876846314,
        0.3021878685808182,
        0.30934054739475253,
        0.30082440173506736,
        0.2983608198404312,
        0.2989893197870255,
        0.29574419970154764,
        0.2946390961885452,
        0.2922698828649521,
        0.29350714839935305,
        0.28979802609443667,
        0.28795230826497076,
        0.2956715022087097,
        0.2879701375436783,
        0.2821776603460312,
        0.2869778254890442,
        0.28278014107465743,
        0.27615417295217515,
        0.28016984459638594,
        0.27604220020771025,
        0.2775563474798203
    ]
}