{
    "accuracies": [
        0.956,
        0.9745,
        0.9759,
        0.9815,
        0.9787,
        0.9841,
        0.9819,
        0.9807,
        0.9767,
        0.9833,
        0.9838,
        0.9806,
        0.9788,
        0.984,
        0.9881,
        0.9845,
        0.9868,
        0.9891,
        0.9852,
        0.9859,
        0.9848,
        0.987,
        0.9826,
        0.9851,
        0.9886,
        0.9864,
        0.9868,
        0.9869,
        0.9886,
        0.9875,
        0.9893,
        0.9853,
        0.9875,
        0.9847,
        0.9846,
        0.9875,
        0.987,
        0.9899,
        0.9792,
        0.9873,
        0.9861,
        0.9874,
        0.9838,
        0.9877,
        0.987,
        0.9846,
        0.9876,
        0.9843,
        0.9891,
        0.9861
    ],
    "test_losses": [
        0.1434867951363325,
        0.08881244252845645,
        0.07822942925095558,
        0.05694819449856877,
        0.06878300407025963,
        0.04988366971481591,
        0.05683270749384537,
        0.061045248971693215,
        0.07522307658251375,
        0.0509249242127873,
        0.04794844553526491,
        0.06269543127268552,
        0.06473063666438685,
        0.05001164328167215,
        0.044519013145100324,
        0.05355311462557875,
        0.04290004739235155,
        0.0338708593100775,
        0.05443176872264594,
        0.046802182816248386,
        0.05368715611752123,
        0.04484221769119613,
        0.05208028022926301,
        0.04411244154851884,
        0.037019880894105885,
        0.04106584187401459,
        0.04234796489106957,
        0.04439246061602607,
        0.03607213894343004,
        0.04162037424892187,
        0.03734175175493583,
        0.04623421076075174,
        0.036552188920276237,
        0.046666813900601116,
        0.04750487193851732,
        0.039708738466724756,
        0.041441412112582475,
        0.0341007792676799,
        0.06794259634236804,
        0.041155148669704794,
        0.04814291137019172,
        0.043464591376390305,
        0.05420705420733429,
        0.04244544002588373,
        0.044168175466870886,
        0.0542270029260777,
        0.04158720374596305,
        0.04845135805404279,
        0.03607772957715206,
        0.04198569955350831
    ],
    "train_losses": [
        0.40903497243026893,
        0.15853420437251528,
        0.11834537307359279,
        0.0992654672258844,
        0.09254125366912534,
        0.0811441079475296,
        0.07681356082931161,
        0.07077797525155669,
        0.06677524714696531,
        0.06222541362621511,
        0.05799844287776699,
        0.0580171686426426,
        0.05545481465567524,
        0.05517694580166911,
        0.05046159381821441,
        0.05031005435703943,
        0.04843994126568238,
        0.047621623596999174,
        0.04676742878250467,
        0.04617206654053492,
        0.044268504437167816,
        0.042646114766116565,
        0.043260875767609105,
        0.04387204547598958,
        0.04205264749928998,
        0.04066345827641586,
        0.03711831015398105,
        0.040800490480211254,
        0.03962857029330917,
        0.038670500199093176,
        0.03542594682225026,
        0.036917995623669896,
        0.03508712935235041,
        0.0364071535836362,
        0.03676680026547207,
        0.0326407927674319,
        0.036473869876206544,
        0.0340532150892308,
        0.03362055917323645,
        0.03435712402267382,
        0.03387398969582282,
        0.0334625843591212,
        0.033153290611916846,
        0.03105263539053655,
        0.03251718347187464,
        0.03200311727382553,
        0.03159615377550945,
        0.03201170385962663,
        0.031224451528699137,
        0.03256222910208162
    ]
}