{
    "accuracies": [
        0.5201,
        0.6059,
        0.6236,
        0.6588,
        0.6826,
        0.7086,
        0.712,
        0.7251,
        0.7303,
        0.7405,
        0.7362,
        0.7476,
        0.742,
        0.7607,
        0.7534,
        0.7673,
        0.7639,
        0.7677,
        0.7596,
        0.7665,
        0.7703,
        0.7671,
        0.7721,
        0.7759,
        0.7626,
        0.7801,
        0.7758,
        0.7749,
        0.7775,
        0.7768,
        0.777,
        0.7765,
        0.7778,
        0.7752,
        0.7784,
        0.7798,
        0.7787,
        0.7814,
        0.7794,
        0.7771,
        0.7849,
        0.7803,
        0.7856,
        0.7736,
        0.7826,
        0.7776,
        0.7749,
        0.7804,
        0.782,
        0.7829,
        0.7833,
        0.7826,
        0.7825,
        0.7817,
        0.7829,
        0.7793,
        0.7876,
        0.7883,
        0.7792,
        0.7862,
        0.7798,
        0.795,
        0.7883,
        0.792,
        0.7877,
        0.7851,
        0.7836,
        0.7828,
        0.7853,
        0.787,
        0.7901,
        0.7872,
        0.7918,
        0.7871,
        0.7925,
        0.7882,
        0.7815,
        0.7894,
        0.7753,
        0.7865,
        0.7965,
        0.7898,
        0.7846,
        0.7855,
        0.7918,
        0.7828,
        0.7889,
        0.7862,
        0.7887,
        0.7814,
        0.7938,
        0.7922,
        0.7934,
        0.7939,
        0.792,
        0.7886,
        0.7992,
        0.7806,
        0.7853,
        0.7916
    ],
    "test_losses": [
        1.3390716400146485,
        1.1048356558799743,
        1.0456511722564696,
        0.9513324384689331,
        0.897867843914032,
        0.8289314697265625,
        0.8176674373626709,
        0.7928225079536438,
        0.7824849071502685,
        0.7537850797653198,
        0.7524380228042603,
        0.7342784052848816,
        0.7428559537887574,
        0.7056716865539551,
        0.7192063098907471,
        0.6914172664642334,
        0.6992147037982941,
        0.6857296669960022,
        0.7268858160972596,
        0.6766950865268707,
        0.6915941508293152,
        0.6867739856719971,
        0.6913998869419098,
        0.7007809825658798,
        0.710100672531128,
        0.6703831196308137,
        0.6705808193683624,
        0.6737571837902069,
        0.689803085565567,
        0.689230503320694,
        0.6924643799304963,
        0.6912065220117569,
        0.7004231046199798,
        0.6848048044204712,
        0.6853434571743011,
        0.672123091340065,
        0.6883188411712646,
        0.68753052110672,
        0.6820494232177734,
        0.7055254678487778,
        0.6785590792179108,
        0.6860144891738892,
        0.6724800323486329,
        0.6981724266052246,
        0.6804792167663575,
        0.7062628832340241,
        0.7102724086761475,
        0.6969362709522248,
        0.6795618825435639,
        0.7021883205413818,
        0.6895575397491455,
        0.6889936914443969,
        0.6787560073614121,
        0.6959783298015595,
        0.6956356513023376,
        0.7068975308418274,
        0.6857206841945648,
        0.6916212227344513,
        0.7142227261066437,
        0.6976451227664947,
        0.7274238101959228,
        0.6697134541511536,
        0.7108248425006867,
        0.6780147880554199,
        0.7018446233272553,
        0.702877268743515,
        0.7110268296718597,
        0.7153571533203125,
        0.7029738978862763,
        0.699786447763443,
        0.6956378682613373,
        0.7086527440071106,
        0.6952374241352082,
        0.6920402667522431,
        0.7078987452983856,
        0.7018326800823211,
        0.7278112274169922,
        0.7020936372280121,
        0.7542969256877899,
        0.7069100274085999,
        0.6939606916904449,
        0.7006019707918167,
        0.7178156819820404,
        0.7123063989162445,
        0.6860526718616485,
        0.7274797349452973,
        0.7048020015239715,
        0.7005249816179275,
        0.698648102760315,
        0.7230257982492447,
        0.6960017082691192,
        0.6825422505378723,
        0.69250628490448,
        0.670498792886734,
        0.7064812537193298,
        0.6883710680246353,
        0.674654804801941,
        0.7369796808481216,
        0.7259632175922394,
        0.6854466620445252
    ],
    "train_losses": [
        1.5665362747955323,
        1.244976226234436,
        1.0925423361587525,
        0.9918500902938843,
        0.9195062892913818,
        0.858967774219513,
        0.8101228702354432,
        0.7693024742317199,
        0.7395016143608093,
        0.7134072303009034,
        0.6907972885513306,
        0.6730359033584594,
        0.6510644021606445,
        0.6291158719444275,
        0.615886396856308,
        0.5980128716754913,
        0.585949911441803,
        0.576906043176651,
        0.5621845224666595,
        0.5535441528654098,
        0.5419268228530884,
        0.5376836356830597,
        0.5242817136764526,
        0.5165242900419236,
        0.5179291151618958,
        0.5023339313697814,
        0.49750706362724306,
        0.49253365329265597,
        0.4829132531118393,
        0.4780200401544571,
        0.47053076220989226,
        0.46428801684856413,
        0.4631833333206177,
        0.4545671733546257,
        0.45138040835380555,
        0.44666770256519317,
        0.44386431991577147,
        0.43815193326473234,
        0.44015759492874146,
        0.4294718885993958,
        0.42382041447162627,
        0.41765289118766785,
        0.42302702550411225,
        0.4112867799091339,
        0.41443150846004484,
        0.4085685025119781,
        0.4020358411836624,
        0.40544670963287355,
        0.4012132778596878,
        0.39695509227752684,
        0.39247440615177154,
        0.39326221396684646,
        0.38813197387695314,
        0.3913542175579071,
        0.38404106067657473,
        0.3822956207418442,
        0.37836691802978517,
        0.38078113340377806,
        0.37966635725975034,
        0.3731058655595779,
        0.37052210617780684,
        0.3730890185785294,
        0.3668008076786995,
        0.36862052889347074,
        0.36145438533306123,
        0.36092045949935914,
        0.3577320345878601,
        0.3570491791057587,
        0.35642861263275144,
        0.3566552537178993,
        0.356163825507164,
        0.35577956626653673,
        0.3569605379629135,
        0.35349654658317564,
        0.3522240963792801,
        0.3458062467646599,
        0.34919184064626696,
        0.3463960381579399,
        0.34179695752143857,
        0.3451401040506363,
        0.34103233145713807,
        0.3435260020637512,
        0.34004047708153723,
        0.33550274198770524,
        0.33787996634721756,
        0.3356647508096695,
        0.3354917127799988,
        0.3360998703670502,
        0.3288106431412697,
        0.3291949439692497,
        0.33339601922988893,
        0.32993750170946123,
        0.3285848756766319,
        0.3266299148273468,
        0.32773429016828537,
        0.32239518974781034,
        0.3289148187828064,
        0.3271256140470505,
        0.3262020978915691,
        0.3268766190767288
    ]
}