{
    "accuracies": [
        0.3903,
        0.4642,
        0.5217,
        0.5373,
        0.4159,
        0.5294,
        0.5798,
        0.5958,
        0.6084,
        0.6142,
        0.6517,
        0.6378,
        0.676,
        0.6576,
        0.6838,
        0.6732,
        0.684,
        0.7152,
        0.6856,
        0.714,
        0.7075,
        0.6908,
        0.6862,
        0.7081,
        0.653,
        0.7345,
        0.7021,
        0.7132,
        0.7047,
        0.7147,
        0.7246,
        0.7175,
        0.7017,
        0.7299,
        0.7202,
        0.7126,
        0.7197,
        0.7107,
        0.6831,
        0.7239,
        0.7291,
        0.7045,
        0.7255,
        0.7349,
        0.7214,
        0.7288,
        0.7264,
        0.7328,
        0.7359,
        0.6987,
        0.7262,
        0.7344,
        0.695,
        0.7085,
        0.7432,
        0.7247,
        0.7171,
        0.733,
        0.7282,
        0.7409,
        0.7341,
        0.7177,
        0.7355,
        0.7118,
        0.7303,
        0.7412,
        0.7074,
        0.7292,
        0.7073,
        0.7261,
        0.7248,
        0.7085,
        0.7299,
        0.7393,
        0.7278,
        0.7379,
        0.6755,
        0.7379,
        0.7387,
        0.7342,
        0.7324,
        0.7249,
        0.732,
        0.7444,
        0.7184,
        0.7332,
        0.6661,
        0.7231,
        0.7262,
        0.7246,
        0.734,
        0.7211,
        0.7319,
        0.7056,
        0.7162,
        0.7269,
        0.737,
        0.7168,
        0.7091,
        0.7378
    ],
    "test_losses": [
        1.6323987688064576,
        1.4550728603363037,
        1.2969090272903443,
        1.3234469514846803,
        1.7254356601715088,
        1.4137306594848633,
        1.1658498691558838,
        1.1214392530441284,
        1.1167415218353272,
        1.1358792600631713,
        1.0185232608795165,
        1.0328483960151673,
        0.9433887552261353,
        1.015094738483429,
        0.933503048324585,
        0.9438472361564636,
        0.9293172770500183,
        0.8406850255966186,
        0.9138880026817322,
        0.8360064109802247,
        0.8578010088920593,
        0.9051947063446045,
        0.9721117833137513,
        0.8699720952987671,
        1.0246689165115357,
        0.7941389307022094,
        0.8798551333427429,
        0.8584150178909302,
        0.8839204397678375,
        0.840913018655777,
        0.8177661212921142,
        0.8365213060379029,
        0.8847218345642089,
        0.8164457286834716,
        0.8257581492900848,
        0.8385320706367493,
        0.8393377080917358,
        0.8649911746501923,
        0.9981883913040162,
        0.84475573387146,
        0.7991345808029174,
        0.8806702617645263,
        0.8011045240879059,
        0.7874182240009308,
        0.8350172354698181,
        0.8079063302993774,
        0.7983231881141662,
        0.7902890125274659,
        0.7776682524204254,
        0.907774931526184,
        0.8118055682182312,
        0.7976030497550964,
        0.942494519329071,
        0.9003881258964539,
        0.766720325088501,
        0.8181849124908447,
        0.8410291931152344,
        0.8048532274246216,
        0.8191996745586395,
        0.7656729270935059,
        0.7989624959945679,
        0.8366697423934937,
        0.7786059954166412,
        0.8563461444854736,
        0.7922494936943054,
        0.7787059062004089,
        0.8800323909759521,
        0.8028754080295563,
        0.8769676586151123,
        0.8140188853263854,
        0.8133133768081665,
        0.8715593795776367,
        0.7840523135185242,
        0.7678916061401367,
        0.8329177675247192,
        0.7615568078994751,
        1.048842118167877,
        0.7938858093261719,
        0.7687412456512451,
        0.7792371620178222,
        0.7782680521965026,
        0.8251695895195007,
        0.7925002708435058,
        0.7566794523239135,
        0.8329025965690613,
        0.7943071616172791,
        0.9643917944908142,
        0.8324273967266083,
        0.7894771169662476,
        0.8096525988578797,
        0.7783977014541626,
        0.8605596155166626,
        0.7915667746067047,
        0.904968357372284,
        0.8674233271598816,
        0.7946619958877563,
        0.7998932196140289,
        0.8520410739898682,
        0.8649245753288269,
        0.7677556916236877
    ],
    "train_losses": [
        1.9797031229782105,
        1.5606207572937012,
        1.4389917752456665,
        1.3149373332595826,
        3.7782705731964112,
        1.5147392362213135,
        1.3274394069671631,
        1.2103092582130432,
        1.1516044026565553,
        1.100994449748993,
        1.0571544303894043,
        1.0650725455856322,
        0.9784221204566955,
        0.9714468206596375,
        0.9378827024841309,
        0.938659109840393,
        0.8995784905433655,
        0.8988865454292297,
        1.1646767696762086,
        0.854206632232666,
        0.8472133545494079,
        0.8580789299201965,
        0.853069527683258,
        0.8527139372444152,
        1.445745407333374,
        0.8625502893066406,
        0.8030763178062439,
        0.8272601424980164,
        0.8250342289638519,
        0.8337521430587769,
        0.8342676933288574,
        0.8331946811294556,
        0.7955929855537415,
        1.418072232913971,
        0.7715275966453552,
        0.7928582777023315,
        0.8054678273963928,
        0.8083376875114441,
        0.8053344832611083,
        1.060406142539978,
        0.7774684125995636,
        0.7939351628017426,
        0.8021198966503144,
        0.8175310237312317,
        0.7843396146392823,
        0.7866638914299011,
        1.5280599320793151,
        0.7588953434562683,
        0.7651559385681153,
        0.7811785920524598,
        0.7923009795379639,
        0.798604153804779,
        0.78420195602417,
        0.7833508702850341,
        0.8773724521160126,
        0.7612170115756989,
        0.7789344172382354,
        0.7837360873985291,
        0.7858534877204895,
        0.7712566745758057,
        0.7826976950073242,
        0.764321591205597,
        0.7856886896324158,
        0.7570853305244446,
        1.8245439699745178,
        0.7552389552402496,
        0.7616535234260559,
        0.7695003240680695,
        0.7848105118370056,
        0.7876881458473206,
        0.7926484363174439,
        0.7590965815925598,
        0.7694782530593872,
        0.7742486237621308,
        0.7751839969348907,
        0.7754240332508087,
        0.7564832219982147,
        0.7662432843017578,
        0.7774399305248261,
        0.7621680181121826,
        0.7580078979301452,
        0.771563628616333,
        0.7618660897254944,
        0.7555017724704742,
        0.7563578452396393,
        0.7618039821815491,
        1.683059535150528,
        0.7927902265357971,
        0.7434396050167084,
        0.7519102336406708,
        0.7666518249225617,
        0.7703168748378754,
        0.7883035776042938,
        0.7532659813117981,
        0.7709521467494964,
        0.7674495628833771,
        0.7532680683803559,
        1.107268952293396,
        0.733026260099411,
        0.7331621648025513
    ]
}