{
    "accuracies": [
        0.4261,
        0.5551,
        0.5981,
        0.6286,
        0.6571,
        0.6205,
        0.5171,
        0.6709,
        0.6811,
        0.6066,
        0.6869,
        0.6267,
        0.7058,
        0.677,
        0.7001,
        0.7057,
        0.6772,
        0.6997,
        0.7128,
        0.7159,
        0.7086,
        0.7203,
        0.7017,
        0.7059,
        0.7005,
        0.7047,
        0.715,
        0.7058,
        0.7259,
        0.7109,
        0.7167,
        0.6967,
        0.6923,
        0.7047,
        0.7006,
        0.7161,
        0.6803,
        0.7146,
        0.7169,
        0.738,
        0.7252,
        0.7385,
        0.7175,
        0.7068,
        0.731,
        0.7158,
        0.7385,
        0.7392,
        0.7457,
        0.7077,
        0.7279,
        0.709,
        0.702,
        0.7392,
        0.7168,
        0.725,
        0.7308,
        0.7058,
        0.7042,
        0.7085,
        0.7211,
        0.7318,
        0.7167,
        0.7332,
        0.7291,
        0.734,
        0.7266,
        0.731,
        0.7265,
        0.7238,
        0.7335,
        0.7161,
        0.7286,
        0.7208,
        0.7206,
        0.7377,
        0.7324,
        0.7179,
        0.7281,
        0.7221,
        0.7388,
        0.7233,
        0.7248,
        0.7085,
        0.7159,
        0.7192,
        0.7324,
        0.7404,
        0.7242,
        0.7319,
        0.7237,
        0.73,
        0.7173,
        0.7018,
        0.7357,
        0.7252,
        0.7345,
        0.7223,
        0.7249,
        0.7349
    ],
    "test_losses": [
        1.5222062913894654,
        1.2298630952835083,
        1.1142004861831665,
        1.0743715957641602,
        0.9851970281600952,
        1.0619009354591369,
        1.3450266960144044,
        0.932632569026947,
        0.9231272786140442,
        1.1502203269958495,
        0.9158770619392395,
        1.148981299686432,
        0.8538387131690979,
        0.9566717789649963,
        0.8762385501861573,
        0.8429823213577271,
        0.9357089443683624,
        0.8903164620399475,
        0.8600889366149902,
        0.8259237397193908,
        0.880351826763153,
        0.8169681554794311,
        0.8782611558914185,
        0.8801026682853699,
        0.92095778632164,
        0.8760250950813293,
        0.853419365978241,
        0.867901283788681,
        0.8118070443153381,
        0.8373594797134399,
        0.8142940838813781,
        0.9002253577232361,
        0.8935569108009338,
        0.8817081008911133,
        0.9273866203308105,
        0.8644051856040954,
        0.9653000395774841,
        0.8348128635406494,
        0.8410653760910034,
        0.7691965000152587,
        0.8133955452919006,
        0.7942435509681701,
        0.8404104632377625,
        0.8803453040122986,
        0.8112690897941589,
        0.8556964082241059,
        0.7659114646911621,
        0.7889245720863343,
        0.7453933487415314,
        0.8639364072322846,
        0.8082179853439331,
        0.8648787244796753,
        0.9112658239364624,
        0.7719301421165466,
        0.8159723982810975,
        0.8132809678554535,
        0.7911756803512573,
        0.8957523725509644,
        0.8685743600845337,
        0.8735749939918518,
        0.8336465213775635,
        0.815088918352127,
        0.8603305359840393,
        0.8012970980644226,
        0.797868794631958,
        0.8038418609142304,
        0.8176220092773437,
        0.7808190410137177,
        0.8171206658363342,
        0.8324545290946961,
        0.7978359060287475,
        0.8494196555137634,
        0.8067575135231018,
        0.8250348055839538,
        0.8403768955230713,
        0.7626411828041076,
        0.7864480374336242,
        0.8523491206169128,
        0.8163284399986267,
        0.8300913011550903,
        0.7604358579635621,
        0.81050333943367,
        0.8240954302787781,
        0.8708453269004822,
        0.8437757982730866,
        0.8421918036460877,
        0.7914160578250885,
        0.7589390506744385,
        0.848974576473236,
        0.7814134552001953,
        0.8143230933189393,
        0.8052127349853515,
        0.8681909383773804,
        0.9219600586175919,
        0.7859283370018005,
        0.8241849776268005,
        0.7920531645774841,
        0.8306113728523254,
        0.8388544493675232,
        0.7956884679794312
    ],
    "train_losses": [
        1.7854929063415528,
        1.4286669207382203,
        1.2706171143722533,
        1.162088166179657,
        1.103258492050171,
        1.0517551843833923,
        1.0421498643493652,
        1.0332580582809447,
        0.9773792604637146,
        0.9660018050003052,
        0.9416120678138733,
        0.9279579351234436,
        0.9122413442611694,
        0.9032453192329407,
        0.8880272599601745,
        0.8794513337135315,
        0.8752686861610413,
        0.8644149648666382,
        0.8630036974525451,
        0.8554942173194885,
        0.8531805550384521,
        0.8519523188972473,
        0.8435231224441528,
        0.838296592502594,
        0.8344135329627991,
        0.8272390851402283,
        0.833664394197464,
        0.8109029056549072,
        0.820333551902771,
        0.8169484118080139,
        0.810969957523346,
        0.8168608262825012,
        0.8066596024417877,
        0.7973275508117675,
        0.79631115650177,
        0.7835496932315826,
        0.7913734784030915,
        0.7816378880596161,
        0.7983275852775574,
        0.7881760205173493,
        0.7894600565910339,
        0.7862528528594971,
        0.7849588721656799,
        0.7847199619102478,
        0.7812902225399018,
        0.7760593078899384,
        0.7780364456176758,
        0.7751071762752533,
        0.780729858045578,
        0.7707301755142212,
        0.765879894657135,
        0.7814971054458618,
        0.7830087697029113,
        0.766745666179657,
        0.7603288372421264,
        0.7781892970275879,
        0.765338293094635,
        0.763638552570343,
        0.7760238532924653,
        0.7674928457546234,
        0.7786412174224854,
        0.7642181325912476,
        0.7624104490709305,
        0.7699436067199708,
        0.7768415539073944,
        0.7613111328411102,
        0.7661624174118042,
        0.7623054040718079,
        0.7659628011703491,
        0.7638639010810852,
        0.7689104824638366,
        0.7691210820770263,
        0.7672913057327271,
        0.7606682735157013,
        0.7594195064163208,
        0.7687945339298248,
        0.7596766404247284,
        0.7520330352687836,
        0.7734610878753662,
        0.7622291003894806,
        0.7558223860263824,
        0.7657510067081451,
        0.7604303930187225,
        0.7581248324966431,
        0.7511054115867615,
        0.7544357433700561,
        0.7437924514102936,
        0.7654730947685242,
        0.759933647184372,
        0.7626072235679626,
        0.7447005936050415,
        0.7520415972042084,
        0.7560637744712829,
        0.7511247431850433,
        0.7467585058021545,
        0.7479199942684174,
        0.7496769929599763,
        0.755283976688385,
        0.7442672027206421,
        0.7601328192710877
    ]
}