{
    "accuracies": [
        0.1911,
        0.2318,
        0.2904,
        0.3219,
        0.3471,
        0.3524,
        0.3725,
        0.406,
        0.4172,
        0.4321,
        0.4499,
        0.4565,
        0.4728,
        0.4822,
        0.4944,
        0.4992,
        0.5072,
        0.5186,
        0.5188,
        0.5306,
        0.5418,
        0.5449,
        0.5572,
        0.558,
        0.5605,
        0.5656,
        0.5752,
        0.5796,
        0.5728,
        0.5957,
        0.6011,
        0.6066,
        0.5888,
        0.6195,
        0.624,
        0.6207,
        0.6192,
        0.6027,
        0.6313,
        0.6329,
        0.648,
        0.6579,
        0.659,
        0.6578,
        0.6642,
        0.6606,
        0.6632,
        0.6694,
        0.6514,
        0.6631,
        0.6697,
        0.6722,
        0.6831,
        0.6796,
        0.6765,
        0.6749,
        0.6793,
        0.6844,
        0.6883,
        0.697,
        0.6867,
        0.6861,
        0.7033,
        0.6971,
        0.7023,
        0.6995,
        0.698,
        0.7019,
        0.7021,
        0.7039,
        0.7074,
        0.7057,
        0.7082,
        0.7116,
        0.7049,
        0.7073,
        0.7019,
        0.7153,
        0.7136,
        0.7181,
        0.7087,
        0.715,
        0.7238,
        0.7213,
        0.7158,
        0.7231,
        0.7222,
        0.7236,
        0.7219,
        0.7298,
        0.7223,
        0.7252,
        0.7301,
        0.7277,
        0.728,
        0.7328,
        0.7267,
        0.7353,
        0.7263,
        0.7328
    ],
    "test_losses": [
        2.141090988922119,
        2.019595511054993,
        1.90543449344635,
        1.811684206199646,
        1.7607864559173585,
        1.7550511491775513,
        1.7006368619918824,
        1.6430079900741577,
        1.6169479417800903,
        1.5776399755477906,
        1.5374813171386719,
        1.5225054714202881,
        1.4762515296936036,
        1.4384557107925415,
        1.4171088373184204,
        1.3936330795288085,
        1.3657627840042115,
        1.336009292602539,
        1.328873648262024,
        1.295382187652588,
        1.2765157205581665,
        1.2549707042694092,
        1.2279679544448852,
        1.2262527617454528,
        1.2193336952209473,
        1.209873162174225,
        1.1853526765823363,
        1.1758405210494995,
        1.1804095132827759,
        1.1339008417129517,
        1.1276943838119506,
        1.1111163671493531,
        1.1552996679306031,
        1.0666581270217896,
        1.0682121015548707,
        1.0641089139938356,
        1.070089870262146,
        1.116563323020935,
        1.0451709268569946,
        1.042666233253479,
        1.0013598440170288,
        0.9822794460296631,
        0.9741101900100708,
        0.9796897822380066,
        0.9514133023262024,
        0.967745639038086,
        0.9591872741699219,
        0.9338519751548767,
        0.9869958638191223,
        0.9497592933654785,
        0.9381604283332825,
        0.9373729258537292,
        0.9069034405708313,
        0.9145722860336304,
        0.9319879864692688,
        0.9333586407661438,
        0.915951041507721,
        0.9053093632698059,
        0.9011326223373413,
        0.8735640147209167,
        0.8938211222648621,
        0.8934889223098755,
        0.8519892936706543,
        0.8664456149101257,
        0.8544859113693237,
        0.8627339541435242,
        0.880237814617157,
        0.8622558126449585,
        0.8676947251319885,
        0.8625366345405578,
        0.8702958504676819,
        0.8453350159645081,
        0.8544036696434021,
        0.8268115178108215,
        0.8601747150421143,
        0.8598939895629882,
        0.8732609892845153,
        0.8278843199729919,
        0.8368679692268371,
        0.8226107538223266,
        0.8544057898521423,
        0.8279729430198669,
        0.8073249141693115,
        0.8146368321418762,
        0.8283390927314759,
        0.8134392171859741,
        0.8155341397285462,
        0.8036813597679138,
        0.8159475874900818,
        0.802811009979248,
        0.8139754463195801,
        0.8026751271247864,
        0.8031552540779113,
        0.8018150163650513,
        0.7911240755081177,
        0.7920882691383362,
        0.8036010584831238,
        0.779323487854004,
        0.8076109684944153,
        0.8141039063453674
    ],
    "train_losses": [
        2.2463559341430663,
        2.083592785873413,
        1.9789406128692626,
        1.8786924478149414,
        1.8186094636917114,
        1.7756677362060547,
        1.7375735934829712,
        1.6975905276870729,
        1.668831106109619,
        1.6247128713989258,
        1.586700947418213,
        1.550601158065796,
        1.5149788834762574,
        1.482130199432373,
        1.455212230567932,
        1.4295874670791626,
        1.4001352731704713,
        1.3804126621246338,
        1.354883060760498,
        1.3348773540115357,
        1.3092622746658324,
        1.2938150719451904,
        1.2717088817977906,
        1.2513123778152466,
        1.228291809387207,
        1.2151891527557372,
        1.193652702217102,
        1.1724726222610473,
        1.1600074283218385,
        1.1364274953651428,
        1.1180048199844361,
        1.1035093787384034,
        1.0810616257858277,
        1.0670475087356568,
        1.0559997746658325,
        1.039192571372986,
        1.0310760956954956,
        1.0172487574005127,
        0.9984176072311401,
        0.9861138501739501,
        0.977070608329773,
        0.9641073199462891,
        0.9534928327369689,
        0.9419756637001038,
        0.9339632986068725,
        0.92279323179245,
        0.912043470954895,
        0.8996523971557617,
        0.8936187402534485,
        0.8820823427391052,
        0.8734862033843994,
        0.8636124289321899,
        0.8583086123085022,
        0.84875199716568,
        0.8394297048950196,
        0.8317469672203064,
        0.8205859126281738,
        0.8259456428146362,
        0.8108087093734742,
        0.8056144644355774,
        0.8024982627105713,
        0.7932021839714051,
        0.7877108788108825,
        0.7804302171325683,
        0.7732289842128753,
        0.7676547492408753,
        0.7630773735618591,
        0.7550532286262512,
        0.7498376996421814,
        0.7399197050476074,
        0.7359431977176666,
        0.7353660956001282,
        0.7239563842391967,
        0.7271711442375183,
        0.7174366546630859,
        0.7126730911064147,
        0.7099831700897217,
        0.7002080306053161,
        0.6988340625190735,
        0.694751742401123,
        0.6893868098163605,
        0.6856721285820008,
        0.6808987631130219,
        0.6726431012821198,
        0.6727566621494293,
        0.6671762294483184,
        0.6635753778266906,
        0.6582784987354279,
        0.6540533091926575,
        0.652845883512497,
        0.6480150722408294,
        0.6429656945037842,
        0.6431014144706726,
        0.6367985173416137,
        0.6334558062171936,
        0.6251346240949631,
        0.6286042686939239,
        0.6185819979858398,
        0.6184038775539398,
        0.6149129140949249
    ]
}