{
    "accuracies": [
        0.9457,
        0.9567,
        0.9591,
        0.9472,
        0.9716,
        0.9768,
        0.962,
        0.9769,
        0.9709,
        0.9687,
        0.9614,
        0.9759,
        0.9739,
        0.9807,
        0.9706,
        0.9711,
        0.9793,
        0.9733,
        0.9722,
        0.9761,
        0.9737,
        0.9771,
        0.9679,
        0.9814,
        0.9811,
        0.9631,
        0.9701,
        0.9701,
        0.9751,
        0.9742,
        0.9794,
        0.974,
        0.9439,
        0.9748,
        0.9522,
        0.9781,
        0.9492,
        0.9791,
        0.9836,
        0.9752,
        0.9806,
        0.9719,
        0.9652,
        0.9836,
        0.9828,
        0.9702,
        0.975,
        0.9786,
        0.9825,
        0.9739
    ],
    "test_losses": [
        0.19524800195097924,
        0.144877831707336,
        0.1494942620139569,
        0.21588102845177054,
        0.10244230989785864,
        0.09446148406676948,
        0.12554999384358526,
        0.06851167752696201,
        0.11304460435421206,
        0.11569073005206883,
        0.14511183073967696,
        0.07956091550430283,
        0.09860560391452164,
        0.06826035633925348,
        0.10556971499011852,
        0.10051976161589846,
        0.06324797193044797,
        0.08471598555333912,
        0.09598279129103758,
        0.08247719686031342,
        0.08704480503536761,
        0.07346848558355122,
        0.11828979456182569,
        0.06578639046307654,
        0.06034157650917769,
        0.12130464882012457,
        0.0921260138134472,
        0.09445607413677498,
        0.08557570913098753,
        0.0887050256873481,
        0.07029639513525181,
        0.08419758895244449,
        0.32997608375280396,
        0.07679839227627963,
        0.20101799678383395,
        0.0723198859767057,
        0.16863868400380017,
        0.06913311120076104,
        0.05134837448876351,
        0.08603463598489762,
        0.06366649160999804,
        0.09326792124439962,
        0.15120918895670984,
        0.056497539610229436,
        0.05663599822288379,
        0.0999613321390003,
        0.08384400448277593,
        0.07042956740262453,
        0.05891364064346999,
        0.08964336147531866
    ],
    "train_losses": [
        0.4917715043524901,
        0.23952886778314908,
        0.1949886009734124,
        0.18460107010826468,
        0.1550336419610617,
        0.1594410118362556,
        0.1542791637025463,
        0.18804046250879763,
        0.11467361296713352,
        0.14834112132033334,
        0.11729659941916665,
        0.12798777900133282,
        0.12225615776016688,
        0.2201720513842185,
        0.10157440061594049,
        0.1197769840061975,
        0.20969511932603394,
        0.11827954528089613,
        0.10979044487985472,
        0.11431298075344724,
        0.12265572963248317,
        0.1284575211016927,
        0.11460260564355801,
        0.10922174198847885,
        0.17711333932252601,
        0.09725932778979962,
        0.10423515955839927,
        0.11782086797794328,
        0.11393640291631843,
        0.11821257411865517,
        0.10947658735591298,
        0.10785827247314154,
        0.11638771480564028,
        0.1104019729151701,
        0.11408172382904838,
        0.09800546355865275,
        0.11331661098332454,
        0.14645741699688758,
        0.10929100038189014,
        0.18733097405174437,
        0.08435893074938407,
        0.09136452716911833,
        0.279366148437482,
        0.09507057822011411,
        0.0882252035908401,
        0.10733051890255883,
        0.12291502457108776,
        0.0953644577250195,
        0.15235222319381816,
        0.09066911254248892
    ]
}